{"cameraMode":{"drawMode":0,"name":"Shaded","section":"Shading Mode"},"sceneLighting":true,"audioPlay":false,"sceneViewState":{"showFog":true,"showMaterialUpdate":true,"showSkybox":true,"showFlares":true,"showImageEffects":true,"showParticleSystems":true},"in2DMode":false,"pivot":{"x":-11.342716217041016,"y":0.8554534316062927,"z":3.3396029472351076},"rotation":{"x":-0.03472454473376274,"y":-0.06681261956691742,"z":0.0023265366908162834,"w":-0.9971594214439392},"size":5.001206398010254,"orthographic":false}